s,p,num_root_fractions,num_core_fractions,num_derived_fractions,core_fraction_ratio
14243,211199,83,7,76,0.08433734939759036
14537,201389,166,11,155,0.06626506024096386
26921,243953,52,2,50,0.038461538461538464
37649,230479,107,14,93,0.1308411214953271
42773,221227,105,11,94,0.10476190476190476
